-- MySQL dump 10.13  Distrib 8.0.41, for Linux (x86_64)
--
-- Host: 127.0.0.1    Database: sellcar
-- ------------------------------------------------------
-- Server version	8.0.41-0ubuntu0.22.04.1

/*!40101 SET @OLD_CHARACTER_SET_CLIENT=@@CHARACTER_SET_CLIENT */;
/*!40101 SET @OLD_CHARACTER_SET_RESULTS=@@CHARACTER_SET_RESULTS */;
/*!40101 SET @OLD_COLLATION_CONNECTION=@@COLLATION_CONNECTION */;
/*!50503 SET NAMES utf8 */;
/*!40103 SET @OLD_TIME_ZONE=@@TIME_ZONE */;
/*!40103 SET TIME_ZONE='+00:00' */;
/*!40014 SET @OLD_UNIQUE_CHECKS=@@UNIQUE_CHECKS, UNIQUE_CHECKS=0 */;
/*!40014 SET @OLD_FOREIGN_KEY_CHECKS=@@FOREIGN_KEY_CHECKS, FOREIGN_KEY_CHECKS=0 */;
/*!40101 SET @OLD_SQL_MODE=@@SQL_MODE, SQL_MODE='NO_AUTO_VALUE_ON_ZERO' */;
/*!40111 SET @OLD_SQL_NOTES=@@SQL_NOTES, SQL_NOTES=0 */;

--
-- Table structure for table `car`
--

DROP TABLE IF EXISTS `car`;
/*!40101 SET @saved_cs_client     = @@character_set_client */;
/*!50503 SET character_set_client = utf8mb4 */;
CREATE TABLE `car` (
  `id` int NOT NULL AUTO_INCREMENT,
  `address` varchar(255) DEFAULT NULL,
  `capacity` int DEFAULT NULL,
  `car_condition` enum('NEW','OLD') NOT NULL,
  `description` longtext,
  `price` bigint NOT NULL,
  `title` varchar(255) DEFAULT NULL,
  `year` varchar(255) DEFAULT NULL,
  `user_id` int NOT NULL,
  PRIMARY KEY (`id`),
  KEY `FKc2osr9qmb46vr8pjyps6weii0` (`user_id`),
  CONSTRAINT `FKc2osr9qmb46vr8pjyps6weii0` FOREIGN KEY (`user_id`) REFERENCES `users` (`id`)
) ENGINE=InnoDB AUTO_INCREMENT=102 DEFAULT CHARSET=utf8mb4 COLLATE=utf8mb4_0900_ai_ci;
/*!40101 SET character_set_client = @saved_cs_client */;

--
-- Dumping data for table `car`
--

LOCK TABLES `car` WRITE;
/*!40000 ALTER TABLE `car` DISABLE KEYS */;
INSERT INTO `car` VALUES (52,'8280 Trần Orchard, Hà Nam, ID TKPP 1JS',4,'OLD','Năm hương chỉ xe. Hương phá vẽ bạn. Phá biển đạp tím xe thì mướn trăng. Giết độc yêu thôi. Chín mây tám nón trời. Mướn bè cái việc quê anh xe mua. Được xanh tàu sáu. Trời bơi thương. Tàu nhà hàng sáu hết ghế. Hàng đâu khoan không khoan ruộng yêu.',1308505268,'Honda X5','1998',13),(53,'Apt. 283 872 Dương Station, Bến Tre, AR ZVPH 1JL',5,'NEW','Anh đâu tui yêu hương đạp. Một bốn tôi. Đồng thế chết máy chỉ quê viết. Vá trăng quần thuyền thương. Hàng ngọt hết. Làm chín xuồng. Xanh em cái. Vẽ xanh đá bốn hai đâu chín. Em chín con áo quần ngọt. Hàng đỏ thuyền thích. Mười ba không máy ba cái. Đồng ghế đá ba.',4060319614,'Lotus A5','1997',17),(54,'805 Lâm Lodge, Đồng Tháp, ID 9EHR 6RJ',6,'NEW','Vá tôi ruộng bảy trăng tô. Xanh được sáu năm hai ác giết xanh. Kim mua giết kim ghế ừ vá. Hết bơi nghỉ làm ngọt cửa. Khoảng kim đá may tám khâu. Bốn thôi đánh thuê. Quê chìm nghỉ. Máy tô thôi làm làm á. Thương chín vẽ đá mướn. Thuyền hàng nhà lầu. Mây tủ nón chín.',5994020633,'Audi Doblo','1994',10),(55,'537 Hà Isle, Long An, MI W1AA 0JJ',12,'NEW','Nhà thương đập đỏ mười biết. Á thuyền xanh hóa nhà việc tô đồng. May chín vàng thích. Con bốn ruộng hết trăng. Chết làm quê. Chín khoan đồng leo giết tám chết. Vá đá đạp con bảy tui. Á sáu năm tàu. Áo mây chết ruộng thế khâu phá bơi. Quê nghỉ độc được hóa khâu mười xuồng.',5307846051,'Porsche Model X','2003',14),(56,'8957 Hòa Union, Cao Bằng, SD M98P  5LX',5,'NEW','Giày khoảng thích bơi nhà quần đá đang. Ruộng đồng trời con trăng tím ghế. Không khoảng một. Không xanh bốn áo tô ba ờ ác. Tủ ờ hai thế đánh thế áo năm. Hết tủ đồng ờ ác máy tàu. Thì chín tôi yêu tôi. Ừ nhà đồng. Bè đá thế đạp chỉ bạn lầu. Cửa khoảng nhà khoan đâu xe leo nha. Viết vẽ ngọt. Kim tô đã núi may anh.',4621666752,'Geely 308','2024',19),(57,'Suite 565 2686 Vũ Lakes, Vĩnh Long, IN 9T8X 7JG',9,'NEW','Cửa giết hàng. Việc bảy áo ờ á. Thuê đang hết núi biển. Ruộng mây đang. Tôi áo thuyền đỏ. Hóa đá vàng một viết hai hai một. Trời khoảng việc anh tô yêu may. Nước mây được ruộng. Cửa ờ độc lỗi khâu chỉ khoảng. Trời thương nón biển. Hương thôi viết.',3601684646,'Noble C-Class','2021',3),(58,'5781 Kim Inlet, Ninh Bình, DE MF  8BJ',6,'OLD','Mây bàn ruộng thế tím ác. Mướn giết đồng. Một ghét hết năm đâu xanh tám bạn. Em tám không ruộng máy. Việc đánh em bốn đập quê trăng. Nha bàn ác năm. Á tủ mượn ghét năm cái bảy biển. Cửa tím cửa ngọt. Thế tô tô bốn em gì. Thương kim máy may làm. Khoan không tô nước may hàng hương thôi.',2674159351,'Subaru Camero','2022',4),(59,'873 Thảo Trace, Bạc Liêu, TX 6ET6 1ZL',8,'OLD','Đồng xe bơi yêu. Chín tím xe thôi tô. Chín chết xuồng nước. Hóa dép thì chỉ khâu tím hết. Tám hết hàng năm nón mướn ghét. Nước vá anh. Đá đá nước chín vàng hết. Năm may trời bạn chín hóa. Nón đâu đang tím tàu nhà tủ sáu. Máy máy đánh. Ác áo đánh.',3225572779,'Baojun Fabia','2014',8),(60,'Suite 152 25295 Thủy Shore, Cà Mau, WI ZDT9  7JA',8,'OLD','Tui sáu ừ may tôi vá. Đánh biển lầu đá. Tui xe đâu. Áo hết xuồng một sáu. Quần hết xuồng nước xanh. Khoan đâu trăng em chỉ. Anh không tui ừ hóa tôi. Hóa nghỉ một thương khoan biển xuồng. Giết độc hết bàn thì tôi. Lầu đã tám mua tím núi nón đâu. Bàn ác đá gì nước núi.',5594239253,'PGO G9','2017',4),(61,'44923 Lê Trail, Ninh Bình, FL 2OW  5RE',12,'OLD','Ngọt ruộng xuồng tô mướn bàn con. Dép đã hết núi làm nghỉ. Giày năm thích. Cái khâu bảy mướn việc thôi. Tôi anh vẽ mua. Bè nón năm đâu xe đạp nhà bảy. Lỗi hai giết. Gì lỗi tàu phá xe em leo. Vẽ nước ờ áo đạp kim núi. Kim tím tám hết nha.',2890938181,'Jaguar Linea','1994',9),(62,'32833 Nhàn Orchard, Hải Dương, ND TKB 9LJ',5,'OLD','Trời đâu đập đá mua. Thương chín anh. Tô chìm núi thuyền đang mười. Vá chín xuồng ghét thôi hết nón bè. Được biển mướn chín phá đạp. Khoảng đánh thương phá. Khâu khâu biết quần không vàng. Nước con ghét tím ghét mướn. Việc ba leo mây. Mười một đỏ phá đã đỏ tủ. Chín ba phá em. Bè mướn tủ chìm bảy đỏ cửa cái.',4939501138,'Land Rover A-Class','1999',1),(63,'Suite 844 36719 Tô Centers, Quảng Trị, WV 6AW  2LS',9,'OLD','Kim bảy đạp thuyền giày. Anh xe là thôi ừ đập. Đỏ bè bảy độc em khoan giày. Giết đập bốn biết thương. Chỉ đỏ biển. Nghỉ đồng ruộng thì nước năm. Chỉ cái chín hàng chỉ thôi. Tô đang hết thuyền khâu mượn hết. Ghét đá xuồng thích đánh thương tám tủ. Mướn ờ ruộng năm yêu. Đánh thì xe. Trăng bè dép đạp trăng em một máy.',2356415112,'Maruti Suzuki ET5','2009',1),(64,'Apt. 904 0548 Dương Unions, Đồng Tháp, VA ZDB 1BO',7,'OLD','Chìm lầu chín dép. Kim đỏ trời thôi ngọt máy. Đồng bơi biết xanh gì làm mây tủ. Tám bè phá vá lầu phá. Ừ lầu á. Xe xe cái làm làm việc. Giết tôi đập. Đỏ đâu đánh chìm mua sáu vàng. Hai núi nha vẽ. Biển khâu bảy anh máy đã. Vá hai tô anh mướn. Tám tui mua nón không vàng đã.',2776877170,'Nissan Altima','1994',1),(65,'Suite 217 7008 Lâm Flat, Đắk Lắk, NV TRVM 5RW',8,'OLD','Thích lầu dép. Đạp đập đá em khâu. Tui ác mây ba xe. Đánh hai nha thôi biết việc khâu. Không lầu anh. Chìm khâu yêu ruộng hóa xanh được tôi. Thích đá biển. Tôi chỉ trăng. Mười mướn nước thích ghế chìm bàn ruộng. Biển mượn chết ghét á đánh mười việc.',5934128627,'Daihatsu Prius','2025',7),(66,'68046 Nhàn Park, Lào Cai, MS 3X3M  1JE',4,'OLD','Chỉ khoan yêu mười thuyền. Nhà viết may ruộng thuê chết làm tui. Ngọt nha viết năm tô ghế tím thế. Bè xuồng yêu. Bốn việc mười leo. Một khâu hết leo lầu đỏ may. Đồng việc máy quê mướn. Xanh vàng giết. Mượn tô giết tám cái đồng đã. Vá đỏ biết may. Khoảng bạn bè trăng. Xuồng áo mượn tàu là núi nón.',4363484235,'Aixam Dedra','2017',18),(67,'Apt. 976 148 Lê Groves, Hải Dương, FL 4ONY  3ZH',9,'OLD','May đỏ nước đã bảy. Thuyền ác trăng. Mướn mướn biển thuê á. Hết giày yêu. Thì việc anh giày vẽ dép khoan đang. Đạp chỉ con nha hóa áo. Tàu là xanh khâu. Thế thì tủ máy đập dép thương bạn. Bạn quần sáu hương độc. Biển may được đang ghế. Khoảng bè viết ờ thuyền ừ.',1878976602,'Baojun Arona','2013',6),(68,'562 Nguyễn Mountains, Tuyên Quang, NH YNW  4UL',11,'OLD','Cửa bảy chết tàu ruộng mua nghỉ áo. Tủ sáu con. Xuồng núi hai. Đỏ quê ghét dép đá bàn. Vẽ đập hương ờ đã một thôi máy. Leo mướn hai trời áo trời là hóa. Mười khoan chỉ. Hai gió mua trăng tím. Lầu thế tàu trời. Khâu vẽ thì con chín bơi. Ba là đỏ.',4460753713,'Aston Martin Thema','1997',8),(69,'9000 Lâm Walks, Bình Định, KS T0TW  4JB',12,'NEW','Phá á phá tàu. Tô yêu mượn thích gì vàng yêu. Quê bốn khâu nha ba hết. Núi ghế mượn không núi. Tui hương may đâu chỉ ờ độc. Thôi hết sáu xuồng con quê em trời. Đạp ba đập bàn. Là hết ruộng sáu em đánh một độc. Là máy tui đâu thì vẽ chìm vàng. Tím tím một tàu thôi viết đồng xanh. Vàng dép núi máy viết làm nhà biển. Quê biển bơi kim kim mướn em lầu.',1310221785,'Tata Thesis','2011',6),(70,'Apt. 251 2988 Vương Point, Cao Bằng, WY RXB 0LF',7,'NEW','Thì bạn ác bạn khoan chín hóa mua. Thích chín là thương thuê tủ. Tủ nghỉ thuê khoảng đá biển hết thôi. Vàng hết bơi. Bốn thuyền leo ruộng xuồng. Bè anh mua. Giày hết được anh chết. Đã cửa áo trăng gì trăng. Vẽ nón em tàu thuê xuồng việc thuyền. Mướn ngọt tô thuyền tám máy. Cửa viết độc máy biển độc hai á.',5694142869,'Lada C-Class','2022',14),(71,'61461 Hồ Harbor, Tiền Giang, NE 5GPE 9FJ',6,'NEW','Thế xe xe. Tàu thôi ghế giày đập bốn. Thế con quê trăng là. Bơi hàng yêu giết giết. Năm biết ghế đang. Trời ghế bơi núi ghét kim trăng hóa. Thôi xe năm bơi thương. Đạp yêu đỏ chỉ tôi trời là. Vá khoảng tám em mượn ba mây lỗi. Hàng bàn vàng đâu năm không chết vẽ.',4961507800,'Aston Martin A-Class','2008',11),(72,'Apt. 112 62478 Lê Keys, Lào Cai, MS WTHR  8SJ',12,'NEW','Hương đá gió đá trăng chìm trời một. Thì lầu tám đã núi dép chết không. Chết đánh đập biết xuồng áo. Trăng ghế kim xanh chỉ. Đạp nha hóa ghế leo. Xuồng gió máy. Máy nhà chìm giết. Mướn mượn đã mướn trời ngọt chìm việc. Phá mây bốn đã là lầu cái khoan. Làm kim yêu biết áo quần.',5504221827,'Chevrolet Thema','2000',13),(73,'0997 Phú Walk, Quảng Nam, OR 0H4R  8AT',6,'NEW','Thích máy vá được khâu á gì anh. Ghét một tôi mua cái. Xanh áo nón cửa ba phá khoan. Khoan phá chín núi được đạp. Chỉ giày vá đang. Xe mười thế leo hương nghỉ. Quê hàng mây phá. Là được hóa ruộng viết. Hết là xanh lầu trăng. Bốn lầu ruộng bơi chết thương.',4831015938,'Mitsubishi Enyaq','2017',17),(74,'Apt. 117 7178 Mai Mall, Ninh Bình, RI W7B  7JW',4,'NEW','Mượn vàng viết chỉ. Đã gì thuê hóa nghỉ đã ngọt sáu. Sáu mười bạn. Ba áo gió. Lỗi gì á mười hết thế. Lầu núi ờ em. Thế lầu đâu kim được. Nón may ghét. Dép làm bốn độc. Đâu đỏ nhà. Vẽ vẽ độc dép thôi nha không. Ác bè quần chín.',2000722845,'Acura i10','2003',15),(75,'Suite 917 7750 Sa Parks, Phú Thọ, UT J5XB 5JL',7,'OLD','Trời giết chết mướn thuê mua gió. Đã giày được á leo thế hóa. Núi thế mười khâu bè sáu vàng tui. Nước em nhà. Ác ác được bạn mướn bốn hàng anh. Hết xuồng dép trời ghét. Trời mướn ghét. Vàng bàn thuyền làm tàu ghét trời. Thế quê phá lỗi một mượn quê. Nha bảy thôi bơi.',4466774355,'Vauxhall ES7','2000',5),(76,'Suite 452 754 Mai Viaduct, TP TP. Hồ Chí Minh, MA YEB 7UJ',4,'OLD','Một máy thương. Mượn thuyền gì tủ được. Đánh lỗi chín xuồng giết gió nha. Đâu sáu năm đã đỏ. Giết lỗi năm. Ghế bảy mây ghét. Lầu đánh lỗi đồng mượn. Bốn tô nước nha. Nghỉ tàu năm máy dép phá nghỉ biết. Cửa trăng máy thuyền máy máy tô ngọt. Hết biển vá khâu chết.',4363086518,'Datsun Ateca','2002',4),(77,'Suite 521 2097 Sinh Bypass, Long An, ID YDRR  9BL',10,'OLD','Mua đá cửa bè núi đập trăng ừ. Trời chết vàng bốn tàu nha bè. Tím ghét mua nghỉ. Áo đánh ừ đập. Độc bàn thế mượn hết năm. Ác ghế trăng giày chỉ tui đỏ. Gió ghét ờ mười. Nha bàn mua xanh thuê. Vàng hàng lầu. Tủ chín bạn ừ. Đập hết chín. Năm tám chết lầu hương đánh làm.',5838135744,'Jeep Juke','2021',17),(78,'129 Vương Land, Bình Thuận, CO Z0B 7JA',5,'OLD','Mượn đỏ mười dép khoan hết. Tàu biển nha thuê mười bạn cái bàn. Gió tím đồng biển tôi thích. Vá đạp quần. Vá áo vàng được may. Lầu vàng bảy nha kim em. Phá tô tô cái tàu áo. Em không á. Được ghét hết núi dép. Dép thuê gì. Bơi vẽ nha khoan nhà hết. Ừ nhà quần gió đang anh.',3407861823,'MG CX-8','2025',16),(79,'22215 Vương Passage, Hà Tây, AL EN 8LR',12,'NEW','Tám mây chỉ. Á anh may đập vá chỉ. Hương yêu biết. Độc khoảng đang vá ruộng xe ghét. Trời biết hết nón độc. Phá bơi ác. Chết ừ quần áo ngọt em hết. Lỗi cái tôi nha mướn giết trời. Giết đã được khoan việc đạp. Khoảng hết hàng yêu hương cái kim. Ờ áo kim việc.',3533315783,'Genesis Navigator','2007',1),(80,'956 Ngọc Fork, Tuyên Quang, IA ZC6H 0EZ',6,'NEW','Cái may áo máy ghế đồng hàng. Bè ác ba biển chìm mười trăng. Sáu kim làm. Ngọt tui việc thì đang mười. Làm việc ghét lỗi ghét khoan cửa. Mướn á may hết vá may lỗi. Bảy gì leo á hương quê năm viết. Trăng con tủ ruộng nón. Thế viết vẽ tủ ruộng anh nhà mướn. Chìm xe làm ngọt. Thế đang tám thương vàng cái leo.',4303283363,'Tiba/Miniator C3','1995',1),(81,'Suite 640 84341 Bửu Hill, Đồng Nai, CT R6B 0LL',8,'NEW','Con khoan đánh em. Không vàng biết nón dép nước. Ba gì nhà bốn. Bảy tôi vá ruộng trăng cái chết dép. Thích thuê mượn thôi. Việc được mướn một làm viết ruộng. Khâu biển không bè lỗi nước. Mua hai làm vàng á viết anh được. Thôi thuyền nước tàu ghét thương. Là gì tui đạp ờ. Gió lầu hai không khoan. Chỉ dép thôi hết đồng thế.',1962808178,'Cadillac C40','1999',17),(82,'37949 Phùng Ferry, Bình Định, AZ 9B7A  6BZ',5,'NEW','Đạp tô khoan nước thế. Bàn con thôi thôi. Gì gì anh khâu lầu quê kim việc. Bạn tám dép thì đập là dép trời. Đập giết hóa. Chỉ đánh phá ừ được đồng cái. Phá phá ruộng. Là chín đá dép viết. Đồng hết thôi ừ. Khâu đã gió chết ờ tôi biết.',1494585151,'Dodge Niro','2007',4),(83,'Apt. 393 1306 Thu Rapids, Tiền Giang, GA YEEP 5BL',10,'OLD','Hương kim dép. Không thuyền tô ngọt hóa ghét. Á chín lầu đồng. Nha đồng thương. Hai lỗi khoan bơi chết. Thế á mây ác bàn gió là bảy. Ruộng khoảng yêu tủ. Gió anh giết xanh thương. Gió ruộng đâu ngọt mượn anh kim giết. Cái độc tô.',3436844293,'Peugeot Captur','2005',9),(84,'Apt. 617 720 Phan Brooks, Bến Tre, NV ZDPN 8XL',7,'NEW','Độc ghét mua đang khoan gì. Tím nha dép một sáu bạn tô trời. Thôi là xe dép được yêu. Cửa đỏ bàn bạn mua vá. Mướn xanh vẽ chín yêu. Đá ừ nước. May năm lầu. Trời thôi mướn một được tám. Lỗi giày đâu nha thuê. Cái chỉ thôi thôi biển.',3368320493,'Dongfeng MKS','2004',17),(85,'Suite 947 189 Văn Grove, Nam Định, UT 8C 8XJ',8,'NEW','Trời hàng xanh sáu. Đồng chìm năm trăng. Hết mười ác mây tui. Kim áo năm bè cửa thuê. Biết không cái giết là nước thuyền á. Hóa tàu tàu tủ mua. Anh thôi thì hai hết ruộng chết. Viết được đạp. Xuồng leo đánh. Tím trăng hàng đập bảy một đâu. Chín xuồng khâu dép. Đỏ xe gì thuyền may hết.',1010797293,'LTI Versa','2006',6),(86,'9932 Bùi Locks, Ninh Bình, NM YQR  4TA',5,'NEW','Giết gì chết đang thuê bàn. Bơi việc nhà thích. Chỉ bè viết. Ác lầu không một. Đập ừ mua tủ em một đã. Không lỗi tui hết mượn xuồng vẽ thế. Bạn độc nón năm biển năm đang đồng. Nón mười tủ gì may may. Việc dép tôi đập quê núi. Lỗi xe dép đang kim tủ thích. Hết mây đánh bàn mướn núi bốn ruộng. Lầu bàn ruộng.',1386226580,'Jie Fang Puma','2007',3),(87,'Apt. 926 700 Trương Gardens, Gia Lai, ME 1AB  7ZB',8,'OLD','Đập ghế mượn bơi. Thế đồng bốn việc đồng ờ. Á máy nghỉ sáu thuê thì nón. Xuồng em hết ghế nước bạn yêu. Gió chỉ ghế phá. Tủ áo tím. Viết tô sáu đã hàng vàng. Đập tàu đỏ mượn bè xanh thương lỗi. Chín tím mua. Á con độc thôi. Đánh tàu phá khâu. Quê tô tám.',2588684995,'IVM Enyaq','2022',7),(88,'Suite 933 49357 Vương Shores, Quảng Ninh, MI WGVA  3YA',6,'OLD','Mua bốn hương đá hương độc. Nha tím bạn đánh. Đá nhà á nghỉ hết bè hết. Độc đánh nước đạp chìm nhà tám. Sáu em làm. Vàng ác vẽ vá vá tàu năm thích. Thì yêu việc. Giết nghỉ máy hai áo hai. Bảy bạn kim. Hết giày ruộng tui thôi nón. Tàu đã nón thì lỗi đỏ bàn.',3627892520,'Chang\'an CX-8','2013',17),(89,'Suite 608 42602 Vương Shoal, Kiên Giang, OK WFNA  9JG',5,'NEW','Viết năm thì hết. Bốn anh quê mua yêu mướn độc ba. Hết yêu trời một vá bơi đâu. Xe ngọt đạp ờ tím dép tui. Thế biết nhà nhà chết thuê mười thôi. Việc tui đã mướn ghét năm mướn khoan. Thế nghỉ leo tôi. Máy bơi dép. Quê đạp biển. Hết mười á độc tám. Biết tô khoan ác quê mượn ờ. Giết tôi thế trời nha bàn phá.',5435374008,'Lamborghini Corolla','2014',8),(90,'Suite 715 937 Phạm Spurs, Hậu Giang, NE 7QYW 4RX',11,'NEW','Ác vẽ dép mười. Chết bơi bàn nghỉ thì mướn. Yêu đỏ gì gió cái ngọt lầu ruộng. Sáu gió đồng nha tím đâu bè. Hai quần nước đang việc mượn khâu ruộng. Ác đánh độc tám xuồng mướn. Bảy ác hai xanh đồng việc. Xanh tám biết là vàng núi bốn cái. Khâu đỏ kim giày xe em tám lỗi. Việc sáu tím bàn một độc thôi trời.',2082810261,'Nissan Model Y','2025',3),(91,'Apt. 217 3104 Bùi Pike, Tây Ninh, CT RPW  7QL',7,'NEW','Đánh vẽ núi. Ghế gì khâu sáu. Nha năm ghế phá quần. Lầu vá trăng. Đã biển khâu ruộng máy mượn áo. Dép chết leo thích. Nha ừ ba năm cái tàu. Nón áo máy thì hết ác. Nha độc làm hết. Viết nha giày bè. Vá đạp bốn biển ba.',2053095523,'Audi Kona','1992',6),(92,'4668 Vương Unions, Bình Dương, AR Z3B 5LA',5,'OLD','Bảy nước quê tôi ghế đạp. Em tím gì. Năm trăng bốn đâu tím anh nghỉ. Xe nhà nón đâu vá vẽ á nước. Năm quê mua giết cửa đánh ba vàng. Quần không thuyền tủ. Thuê phá vẽ hóa mua. Được đỏ nghỉ leo giết mướn thuê. Mua dép gì. Chín viết sáu áo bàn kim ruộng độc. Tím cửa mây thương. Ghế xuồng bè em ngọt lầu.',1689645323,'Land Rover Tiguan','2018',6),(93,'Apt. 400 784 Lý Shore, Cà Mau, DE ZBTH  8LQ',6,'OLD','Ghế chín tàu hết đập một may viết. Mười ác xuồng hết giết thương. Hết thích hết cái đã đập. Nhà vá con gì bảy chìm đồng. Thuyền thì bảy. Đâu mười là bạn chết. Làm đồng độc trăng mướn đang thích. Mua gió tàu mua mười tám. Nha được quần việc nghỉ. Hàng tàu quê nón. Tám chết chìm mướn biết bơi giết.',3898196436,'Alfa Romeo C40','1990',19),(94,'9249 Tăng Manors, Bà Rịa Vũng Tàu, VT 5PAR 8JE',11,'NEW','Biết trăng tủ. Gió gì ruộng lỗi xuồng chín. Độc lỗi gió. Thích đã tô. Mượn đâu ba ruộng tủ. Việc hương đá nhà hết tui đạp. Xanh gì thế tui anh ruộng biết tàu. Phá bảy khâu nhà quần kim gió dép. Khoan biển viết hàng mướn. Đỏ đang một thì là tím thuê.',1626941703,'Acura A8','2010',4),(95,'529 Trần Mission, Quảng Trị, MN UE2V  9FJ',4,'NEW','Áo gió thương. Em làm giày. Năm tàu biết. Kim mướn tàu trời đạp tím. Hương khâu ngọt biển. Cái cái viết. Tủ trăng mượn thuê không vàng. Quần dép nha nhà không vẽ. Tôi áo máy đập chín con tô đỏ. Bàn bốn thương nhà quê bảy năm nghỉ.',5187419678,'Ram Camry','2020',7),(96,'724 Hà Crescent, TP Cần Thơ, LA CKHP  2QG',7,'OLD','Mượn núi tôi quê tui đỏ bơi. Thì việc thương được hóa một quê giày. Bốn thuyền mướn. Độc ba mười ruộng. Đánh xuồng đạp bốn. Quê biết nón núi một bốn. Không độc bơi bè tủ nhà. Tàu kim thuyền. Hết ruộng hai. Vàng là thuê quần tím thuyền leo.',2600020672,'Hyundai Up','2013',16),(97,'75890 Hà Glen, Điện Biên, MA YAB 8FR',7,'OLD','Biết máy trăng mượn. Chết xe năm tui mượn bạn ghế đang. Đã bơi chìm. Phá thuê hai xanh cửa vàng trời. Bàn cái chỉ mướn chìm giết xuồng ừ. Tui không việc nhà ờ. Cái mua ờ hết may. Á lỗi ruộng. Đập thôi áo núi ác. Làm mướn lỗi khoảng. Nước một chết lầu.',4633350682,'Cadillac Captur','2019',7),(98,'Suite 773 55171 Đào Plains, Bà Rịa Vũng Tàu, KS AFRH  7DW',9,'NEW','Việc khoảng núi biết đá tám đập. Đâu dép năm. Bàn nghỉ thì núi. Nghỉ tím giày đồng em đã tám quê. Không phá khoảng bè kim việc lỗi. Ác khoan mượn kim hàng. Đánh khoan tô tủ chìm cửa hai máy. Quê máy mua con đạp tui. Ruộng thích giày việc bơi hóa thôi ác. Chín tôi đỏ. Mướn nhà việc cửa. Cái tô thương trời khoảng thôi quê.',1852984368,'Holden (HSV) A-Class','2016',6),(99,'Suite 538 89896 Nam Stravenue, Hà Nam, FL YP 3YL',6,'NEW','Dép đá việc thôi nghỉ tô đạp máy. Bè là em lỗi thuê đỏ hàng thuyền. Mây kim nghỉ trăng. Giết bơi đánh. Mười thuê bơi biển đánh. Ác chỉ xanh vẽ đâu may dép mười. Bơi trăng lỗi cái đâu xe bảy. Mướn ờ độc. Lỗi thôi đập. Ba giết vẽ nghỉ chín đã biết.',5244499598,'Jie Fang T-Roc','2011',6),(100,'Apt. 844 294 Đoàn Mission, Kiên Giang, NM S9RB  1WG',4,'OLD','Làm mua trăng anh yêu. Chỉ tàu khâu bơi leo hàng leo ờ. Khâu ngọt thích. Ác thuê tui chỉ hết cửa mượn tủ. Gió giày hương thuyền bàn ghét thương tôi. Ghế giày ờ bè thương vàng trăng xuồng. Đỏ cửa chỉ nghỉ mượn độc mây ngọt. Đang thích đỏ vá ừ xanh hết. Nghỉ mây được đang ruộng khoan. Lỗi kim lầu tàu mượn lỗi. Đỏ máy lầu tám lầu ruộng đang chín. Đang may nhà.',5504988005,'Saleen Odyssey','2016',7),(101,'Suite 240 1203 Đặng Unions, Hòa Bình, CA W1HR  0LS',7,'NEW','Áo chìm trăng hương đá vẽ chín đập. Hàng tám em con đánh đâu tô đã. Đánh vá là ghét á. Đỏ hàng đá một lầu nhà độc. Hết hương đá khâu ác ờ chỉ. Hết thương làm thì xanh thế quê. Xuồng dép hương đập tám được làm. Thì ngọt biết. Tàu máy quê bảy biết chết năm. Đỏ hóa bạn xanh. Dép chín hết tím. Viết yêu chín mười.',2509355400,'Tesla C5','2024',6);
/*!40000 ALTER TABLE `car` ENABLE KEYS */;
UNLOCK TABLES;

--
-- Table structure for table `car_feature`
--

DROP TABLE IF EXISTS `car_feature`;
/*!40101 SET @saved_cs_client     = @@character_set_client */;
/*!50503 SET character_set_client = utf8mb4 */;
CREATE TABLE `car_feature` (
  `car_id` int NOT NULL,
  `feature_id` int NOT NULL,
  PRIMARY KEY (`car_id`,`feature_id`),
  KEY `FKgqgv3iyd1518909jkijos3tg3` (`feature_id`),
  CONSTRAINT `FKd86e0b4v70sx9onvqpf3hc81h` FOREIGN KEY (`car_id`) REFERENCES `car` (`id`),
  CONSTRAINT `FKgqgv3iyd1518909jkijos3tg3` FOREIGN KEY (`feature_id`) REFERENCES `feature` (`id`)
) ENGINE=InnoDB DEFAULT CHARSET=utf8mb4 COLLATE=utf8mb4_0900_ai_ci;
/*!40101 SET character_set_client = @saved_cs_client */;

--
-- Dumping data for table `car_feature`
--

LOCK TABLES `car_feature` WRITE;
/*!40000 ALTER TABLE `car_feature` DISABLE KEYS */;
INSERT INTO `car_feature` VALUES (52,1),(55,1),(56,1),(57,1),(59,1),(60,1),(62,1),(65,1),(66,1),(67,1),(71,1),(77,1),(81,1),(88,1),(93,1),(95,1),(96,1),(97,1),(53,2),(54,2),(61,2),(65,2),(66,2),(71,2),(73,2),(75,2),(76,2),(77,2),(78,2),(81,2),(83,2),(84,2),(88,2),(96,2),(97,2),(99,2),(100,2),(53,3),(55,3),(56,3),(57,3),(59,3),(64,3),(65,3),(69,3),(71,3),(74,3),(76,3),(77,3),(78,3),(79,3),(81,3),(87,3),(88,3),(90,3),(91,3),(92,3),(93,3),(100,3),(52,4),(54,4),(55,4),(57,4),(58,4),(63,4),(76,4),(77,4),(78,4),(80,4),(81,4),(86,4),(92,4),(93,4),(95,4),(57,5),(63,5),(66,5),(67,5),(68,5),(75,5),(78,5),(81,5),(83,5),(86,5),(96,5),(98,5),(99,5),(52,6),(53,6),(54,6),(55,6),(65,6),(66,6),(78,6),(83,6),(87,6),(95,6),(96,6),(98,6),(99,6),(100,6),(52,7),(55,7),(56,7),(58,7),(60,7),(67,7),(69,7),(71,7),(76,7),(81,7),(83,7),(84,7),(85,7),(88,7),(93,7),(96,7),(97,7),(52,8),(53,8),(54,8),(56,8),(57,8),(59,8),(61,8),(62,8),(63,8),(75,8),(76,8),(82,8),(83,8),(84,8),(88,8),(90,8),(93,8),(95,8),(96,8),(97,8),(98,8),(52,9),(55,9),(56,9),(57,9),(59,9),(64,9),(69,9),(71,9),(78,9),(83,9),(84,9),(88,9),(90,9),(91,9),(93,9),(95,9),(53,10),(56,10),(57,10),(61,10),(63,10),(65,10),(71,10),(74,10),(75,10),(83,10),(84,10),(86,10),(88,10),(89,10),(90,10),(91,10),(93,10),(99,10),(100,10),(101,10),(54,11),(55,11),(64,11),(69,11),(71,11),(75,11),(80,11),(81,11),(82,11),(88,11),(91,11),(93,11),(97,11),(98,11),(100,11),(52,12),(54,12),(55,12),(57,12),(59,12),(61,12),(62,12),(68,12),(71,12),(76,12),(80,12),(87,12),(89,12),(90,12),(95,12),(100,12),(53,13),(57,13),(59,13),(60,13),(65,13),(66,13),(67,13),(71,13),(78,13),(81,13),(84,13),(86,13),(87,13),(89,13),(91,13),(92,13),(54,14),(61,14),(63,14),(65,14),(69,14),(78,14),(83,14),(86,14),(88,14),(93,14),(100,14);
/*!40000 ALTER TABLE `car_feature` ENABLE KEYS */;
UNLOCK TABLES;

--
-- Table structure for table `car_image`
--

DROP TABLE IF EXISTS `car_image`;
/*!40101 SET @saved_cs_client     = @@character_set_client */;
/*!50503 SET character_set_client = utf8mb4 */;
CREATE TABLE `car_image` (
  `id` int NOT NULL AUTO_INCREMENT,
  `image_url` varchar(255) NOT NULL,
  `car_id` int NOT NULL,
  PRIMARY KEY (`id`),
  KEY `FK91nl01tvyj0xus5j92voo4ht1` (`car_id`),
  CONSTRAINT `FK91nl01tvyj0xus5j92voo4ht1` FOREIGN KEY (`car_id`) REFERENCES `car` (`id`)
) ENGINE=InnoDB AUTO_INCREMENT=417 DEFAULT CHARSET=utf8mb4 COLLATE=utf8mb4_0900_ai_ci;
/*!40101 SET character_set_client = @saved_cs_client */;

--
-- Dumping data for table `car_image`
--

LOCK TABLES `car_image` WRITE;
/*!40000 ALTER TABLE `car_image` DISABLE KEYS */;
INSERT INTO `car_image` VALUES (220,'https://res.cloudinary.com/dau0dy9eu/image/upload/v1743009955/f7ely1rexcwoq9owbcsk.jpg',52),(221,'https://res.cloudinary.com/dau0dy9eu/image/upload/v1743009957/zc8dmxiuh1yct8waqzsp.jpg',52),(222,'https://res.cloudinary.com/dau0dy9eu/image/upload/v1743009961/psufnn04yihoesqcknz4.jpg',52),(223,'https://res.cloudinary.com/dau0dy9eu/image/upload/v1743010195/qr0g1gllxqkf2bhjlnwx.jpg',53),(224,'https://res.cloudinary.com/dau0dy9eu/image/upload/v1743010198/ejwo5evtwlmzsx4l3nru.jpg',53),(225,'https://res.cloudinary.com/dau0dy9eu/image/upload/v1743010201/ipw6wzmygyqzoyocy6sf.jpg',53),(226,'https://res.cloudinary.com/dau0dy9eu/image/upload/v1743010210/mz0qbwrpz5hggzrgqir6.jpg',54),(227,'https://res.cloudinary.com/dau0dy9eu/image/upload/v1743010215/qfvxipbdybfmssr3feys.jpg',54),(228,'https://res.cloudinary.com/dau0dy9eu/image/upload/v1743010219/fndegcc9vce01w4d2wq9.jpg',54),(229,'https://res.cloudinary.com/dau0dy9eu/image/upload/v1743010224/iqmru0imwc4sx7wvnhab.jpg',54),(230,'https://res.cloudinary.com/dau0dy9eu/image/upload/v1743010226/oks7fgjbly0pexpksf1h.jpg',54),(231,'https://res.cloudinary.com/dau0dy9eu/image/upload/v1743010229/nnbvrzvbgghenolk5xnh.jpg',54),(232,'https://res.cloudinary.com/dau0dy9eu/image/upload/v1743010232/l4vif09ys6frclgrvrbn.jpg',55),(233,'https://res.cloudinary.com/dau0dy9eu/image/upload/v1743010235/vmr3qz2phpmzcrrbegue.jpg',55),(234,'https://res.cloudinary.com/dau0dy9eu/image/upload/v1743010238/e2dnv54pkkbd86ztuhq7.jpg',55),(235,'https://res.cloudinary.com/dau0dy9eu/image/upload/v1743010241/ff4kepsar9ihmxtnxcj6.jpg',55),(236,'https://res.cloudinary.com/dau0dy9eu/image/upload/v1743010245/zcaaswrvp4loegqprfvk.jpg',55),(237,'https://res.cloudinary.com/dau0dy9eu/image/upload/v1743010248/wgc05eofwiyhsecpmad7.jpg',55),(238,'https://res.cloudinary.com/dau0dy9eu/image/upload/v1743010254/ormvtp9biqajd9gwdbhq.jpg',56),(239,'https://res.cloudinary.com/dau0dy9eu/image/upload/v1743010256/uw8svq7btjzhchxb7qfn.jpg',56),(240,'https://res.cloudinary.com/dau0dy9eu/image/upload/v1743010260/vnin353mr0jfoqrmy4ig.jpg',56),(241,'https://res.cloudinary.com/dau0dy9eu/image/upload/v1743010262/kgoaiobaqjo4ozp05g30.jpg',56),(242,'https://res.cloudinary.com/dau0dy9eu/image/upload/v1743010265/ik0p5skzrkp1nlggw9ne.jpg',56),(243,'https://res.cloudinary.com/dau0dy9eu/image/upload/v1743010267/gv6ww6v11frrmte1a9tm.jpg',57),(244,'https://res.cloudinary.com/dau0dy9eu/image/upload/v1743010270/fsetbxskecce0u8nczur.jpg',57),(245,'https://res.cloudinary.com/dau0dy9eu/image/upload/v1743010272/my6c9waq4c5fqzykfxfk.jpg',57),(246,'https://res.cloudinary.com/dau0dy9eu/image/upload/v1743010275/v261zedph6ji06w6rgab.jpg',58),(247,'https://res.cloudinary.com/dau0dy9eu/image/upload/v1743010278/fzxb92kpkv4z9rafqvrg.jpg',58),(248,'https://res.cloudinary.com/dau0dy9eu/image/upload/v1743010285/jtdzgcwbujbyvutmcpqm.jpg',59),(249,'https://res.cloudinary.com/dau0dy9eu/image/upload/v1743010288/hq1io8fbaolgirk1ivbv.jpg',59),(250,'https://res.cloudinary.com/dau0dy9eu/image/upload/v1743010290/isnyjtytrzfdr3ypjatv.jpg',59),(251,'https://res.cloudinary.com/dau0dy9eu/image/upload/v1743010293/yj9jxsigp5dacl2via6a.jpg',59),(252,'https://res.cloudinary.com/dau0dy9eu/image/upload/v1743010297/rqzoac6c1zwmq4kyez5j.jpg',59),(253,'https://res.cloudinary.com/dau0dy9eu/image/upload/v1743010299/b1melr2sdjgw6zury47j.jpg',60),(254,'https://res.cloudinary.com/dau0dy9eu/image/upload/v1743010301/lhgaq8mbwegso8gxiut4.jpg',60),(255,'https://res.cloudinary.com/dau0dy9eu/image/upload/v1743010304/ma1rzirstacynztpyd4l.jpg',60),(256,'https://res.cloudinary.com/dau0dy9eu/image/upload/v1743010308/lcblzhdtcffplg87xboi.jpg',60),(257,'https://res.cloudinary.com/dau0dy9eu/image/upload/v1743010311/ekwb0rryevv9tmcxbiy7.jpg',60),(258,'https://res.cloudinary.com/dau0dy9eu/image/upload/v1743010314/dsvx2uo0cewupfctgd3k.jpg',60),(259,'https://res.cloudinary.com/dau0dy9eu/image/upload/v1743010317/beziif9cqxwnvxxgecwk.jpg',61),(260,'https://res.cloudinary.com/dau0dy9eu/image/upload/v1743010321/mewkvz5wskmocgztczx9.jpg',61),(261,'https://res.cloudinary.com/dau0dy9eu/image/upload/v1743010323/y6cadrbbgeacfybwbxoi.jpg',61),(262,'https://res.cloudinary.com/dau0dy9eu/image/upload/v1743010326/y17qvw1wrwgytz40gq62.jpg',61),(263,'https://res.cloudinary.com/dau0dy9eu/image/upload/v1743010328/trwkcc2hwnupf6fgr9cs.jpg',62),(264,'https://res.cloudinary.com/dau0dy9eu/image/upload/v1743010331/drealq0a4brmmj1svd54.jpg',62),(265,'https://res.cloudinary.com/dau0dy9eu/image/upload/v1743010333/d9rpeyyqmcwpkfztzmrj.jpg',62),(266,'https://res.cloudinary.com/dau0dy9eu/image/upload/v1743010336/hgdhslyo7huecmvjb7ip.jpg',63),(267,'https://res.cloudinary.com/dau0dy9eu/image/upload/v1743010340/qkg8xgvljxzlxwbfudlo.jpg',63),(268,'https://res.cloudinary.com/dau0dy9eu/image/upload/v1743010343/haux1enr0uhambc14mmr.jpg',63),(269,'https://res.cloudinary.com/dau0dy9eu/image/upload/v1743010346/sh2efepjkjfumlzbnjkv.jpg',63),(270,'https://res.cloudinary.com/dau0dy9eu/image/upload/v1743010348/lxxilywur19mhkvwkcbe.jpg',64),(271,'https://res.cloudinary.com/dau0dy9eu/image/upload/v1743010352/mty1bgkd6t7flaehe8oe.jpg',64),(272,'https://res.cloudinary.com/dau0dy9eu/image/upload/v1743010355/hq0gvp6ly3x9fjwwt1jr.jpg',64),(273,'https://res.cloudinary.com/dau0dy9eu/image/upload/v1743010358/frcmlyqjsqaxlu7tqgws.jpg',65),(274,'https://res.cloudinary.com/dau0dy9eu/image/upload/v1743010361/oc5slffnlg5s5wvogf12.jpg',65),(275,'https://res.cloudinary.com/dau0dy9eu/image/upload/v1743010363/bblzka70pjtanfumllkw.jpg',65),(276,'https://res.cloudinary.com/dau0dy9eu/image/upload/v1743010365/wtnyzzsouhu3phgd7qom.jpg',66),(277,'https://res.cloudinary.com/dau0dy9eu/image/upload/v1743010369/tzdwa0kruewmiwrd1v5k.jpg',66),(278,'https://res.cloudinary.com/dau0dy9eu/image/upload/v1743010371/wohhpglzzjj1ic1q4qoh.jpg',66),(279,'https://res.cloudinary.com/dau0dy9eu/image/upload/v1743010373/tny1lqthx6lp2zo2rtdf.jpg',66),(280,'https://res.cloudinary.com/dau0dy9eu/image/upload/v1743010377/cqxml6cs7sni97yhb5la.jpg',66),(281,'https://res.cloudinary.com/dau0dy9eu/image/upload/v1743010380/q4id9a6tf6pteb7xomie.jpg',66),(282,'https://res.cloudinary.com/dau0dy9eu/image/upload/v1743010383/qtauy5d8sqfvt2vw3nhc.jpg',67),(283,'https://res.cloudinary.com/dau0dy9eu/image/upload/v1743010386/bpybxczbypdgrbgcg71c.jpg',67),(284,'https://res.cloudinary.com/dau0dy9eu/image/upload/v1743010389/vqtnl81kmcuz2ah2anqh.jpg',67),(285,'https://res.cloudinary.com/dau0dy9eu/image/upload/v1743010391/xkl6fsdfiaq78syyr9ky.jpg',67),(286,'https://res.cloudinary.com/dau0dy9eu/image/upload/v1743010397/yuthy6guzphhp7oqhrb9.jpg',67),(287,'https://res.cloudinary.com/dau0dy9eu/image/upload/v1743010399/xkubws1id4ctjyiqtzm7.jpg',68),(288,'https://res.cloudinary.com/dau0dy9eu/image/upload/v1743010402/n7uruvvlizhvlfhzsuiy.jpg',68),(289,'https://res.cloudinary.com/dau0dy9eu/image/upload/v1743010404/irbgqwqgcvrwf4ys4uef.jpg',68),(290,'https://res.cloudinary.com/dau0dy9eu/image/upload/v1743010406/cmi6f3qfnppyuuapjel4.jpg',68),(291,'https://res.cloudinary.com/dau0dy9eu/image/upload/v1743010409/t2inu5fvmqzf1tx73ldx.jpg',68),(292,'https://res.cloudinary.com/dau0dy9eu/image/upload/v1743010411/bz4vqitxpgqudnumxqi6.jpg',69),(293,'https://res.cloudinary.com/dau0dy9eu/image/upload/v1743010416/bak01bw8ieb2ibcpo5td.jpg',69),(294,'https://res.cloudinary.com/dau0dy9eu/image/upload/v1743010419/mlcqkuzshvkmgqwbapyt.jpg',69),(295,'https://res.cloudinary.com/dau0dy9eu/image/upload/v1743010421/pwtnd1bku8fbvgmjhsab.jpg',69),(296,'https://res.cloudinary.com/dau0dy9eu/image/upload/v1743010424/zbxmua1oqfo8zbdx55rn.jpg',69),(297,'https://res.cloudinary.com/dau0dy9eu/image/upload/v1743010426/nvh3g0nrmnthxsmm3qgo.jpg',69),(298,'https://res.cloudinary.com/dau0dy9eu/image/upload/v1743010429/du5a1apzktpctg3hmyhx.jpg',70),(299,'https://res.cloudinary.com/dau0dy9eu/image/upload/v1743010431/xpud41og6e8bsscopczr.jpg',70),(300,'https://res.cloudinary.com/dau0dy9eu/image/upload/v1743010434/zdwjkmstjvergw1w43g6.jpg',70),(301,'https://res.cloudinary.com/dau0dy9eu/image/upload/v1743010438/qgtpygfzturc7ml4t5ph.jpg',71),(302,'https://res.cloudinary.com/dau0dy9eu/image/upload/v1743010441/gbnd3rdvrcvvfprtucpj.jpg',71),(303,'https://res.cloudinary.com/dau0dy9eu/image/upload/v1743010443/l3tm5t6cs71ouulwwcep.jpg',71),(304,'https://res.cloudinary.com/dau0dy9eu/image/upload/v1743010447/eq8kv0o4kzk9fhvghxjf.jpg',71),(305,'https://res.cloudinary.com/dau0dy9eu/image/upload/v1743010451/bmg1fp56v66tijqpsz9n.jpg',71),(306,'https://res.cloudinary.com/dau0dy9eu/image/upload/v1743010454/lxkxjzt3kzbvshw1y9a8.jpg',72),(307,'https://res.cloudinary.com/dau0dy9eu/image/upload/v1743010457/v49r0qtve9bc5d7ftyfp.jpg',72),(308,'https://res.cloudinary.com/dau0dy9eu/image/upload/v1743010460/igsnyqgkptosvc3ue3po.jpg',72),(309,'https://res.cloudinary.com/dau0dy9eu/image/upload/v1743010462/pn7sjckrgc8iyofuervs.jpg',73),(310,'https://res.cloudinary.com/dau0dy9eu/image/upload/v1743010464/gje2ycyqv8zhqfynivbe.jpg',73),(311,'https://res.cloudinary.com/dau0dy9eu/image/upload/v1743010466/unctqti1xxdsuppvu6lf.jpg',74),(312,'https://res.cloudinary.com/dau0dy9eu/image/upload/v1743010469/ibrp4rmntq5zz2mzb0vp.jpg',74),(313,'https://res.cloudinary.com/dau0dy9eu/image/upload/v1743010471/du4xh3wmrlatvmsmired.jpg',75),(314,'https://res.cloudinary.com/dau0dy9eu/image/upload/v1743010474/lng1zdpnxbqxowiqau7o.jpg',75),(315,'https://res.cloudinary.com/dau0dy9eu/image/upload/v1743010477/edubf06lmuvnbulwqwi1.jpg',75),(316,'https://res.cloudinary.com/dau0dy9eu/image/upload/v1743010479/jnpb32iibcrgxygsoysm.jpg',75),(317,'https://res.cloudinary.com/dau0dy9eu/image/upload/v1743010482/qy2ukrcuprvc5lvk9gi2.jpg',75),(318,'https://res.cloudinary.com/dau0dy9eu/image/upload/v1743010484/pmkc6unsavdpvbf9yz5w.jpg',75),(319,'https://res.cloudinary.com/dau0dy9eu/image/upload/v1743010488/t5iwyga70sa2vfa41wtw.jpg',76),(320,'https://res.cloudinary.com/dau0dy9eu/image/upload/v1743010493/thugdqtqrhaqp8psv85n.jpg',76),(321,'https://res.cloudinary.com/dau0dy9eu/image/upload/v1743010495/k8odw4jmj9rvy19ernre.jpg',76),(322,'https://res.cloudinary.com/dau0dy9eu/image/upload/v1743010498/y8zwnetelamjnvc7fl5y.jpg',76),(323,'https://res.cloudinary.com/dau0dy9eu/image/upload/v1743010500/s5oukvtyn4kxit55fbdf.jpg',76),(324,'https://res.cloudinary.com/dau0dy9eu/image/upload/v1743010504/wkaq2epswl2mkc3gbpgf.jpg',76),(325,'https://res.cloudinary.com/dau0dy9eu/image/upload/v1743010507/lvk9e8bqjvwiu69hqynt.jpg',77),(326,'https://res.cloudinary.com/dau0dy9eu/image/upload/v1743010509/zb1av0kqqtiw131wfy7i.jpg',77),(327,'https://res.cloudinary.com/dau0dy9eu/image/upload/v1743010513/z1ro46sbvjns0fxwkl8t.jpg',78),(328,'https://res.cloudinary.com/dau0dy9eu/image/upload/v1743010516/luertg80t6kc6qeqkbgx.jpg',78),(329,'https://res.cloudinary.com/dau0dy9eu/image/upload/v1743010518/tn7qdnvnylfmsqtg9zis.jpg',79),(330,'https://res.cloudinary.com/dau0dy9eu/image/upload/v1743010521/c7oo87mlbjtxppqbzntn.jpg',79),(331,'https://res.cloudinary.com/dau0dy9eu/image/upload/v1743010528/flknlczgfwbqgwownfth.jpg',79),(332,'https://res.cloudinary.com/dau0dy9eu/image/upload/v1743010530/hrrse0ytxvuqxwyunned.jpg',79),(333,'https://res.cloudinary.com/dau0dy9eu/image/upload/v1743010534/qyjy135tajndtameumki.jpg',80),(334,'https://res.cloudinary.com/dau0dy9eu/image/upload/v1743010537/qlrwj0u732zoholffwyy.jpg',80),(335,'https://res.cloudinary.com/dau0dy9eu/image/upload/v1743010539/rrisrxjev8ofdzcqadnl.jpg',80),(336,'https://res.cloudinary.com/dau0dy9eu/image/upload/v1743010542/bb5d4v8xifcrywwxkj7u.jpg',80),(337,'https://res.cloudinary.com/dau0dy9eu/image/upload/v1743010544/yjhmzafmwpmmavekmret.jpg',81),(338,'https://res.cloudinary.com/dau0dy9eu/image/upload/v1743010547/le319rdzjpfi0ooj52se.jpg',81),(339,'https://res.cloudinary.com/dau0dy9eu/image/upload/v1743010550/j4rmvco6kshn6rmx29ja.jpg',81),(340,'https://res.cloudinary.com/dau0dy9eu/image/upload/v1743010552/rwlctwew9mzjeqyqlrcy.jpg',81),(341,'https://res.cloudinary.com/dau0dy9eu/image/upload/v1743010554/fvde9yw8i15e7zvifxqf.jpg',81),(342,'https://res.cloudinary.com/dau0dy9eu/image/upload/v1743010557/acknvc2cyer7czm9vjnh.jpg',82),(343,'https://res.cloudinary.com/dau0dy9eu/image/upload/v1743010560/nvngjaovxmycegkeoc1l.jpg',82),(344,'https://res.cloudinary.com/dau0dy9eu/image/upload/v1743010562/ucmjrzbww7sjmb1zgmz7.jpg',83),(345,'https://res.cloudinary.com/dau0dy9eu/image/upload/v1743010565/k5bj4v5rplvrxsza7zgt.jpg',83),(346,'https://res.cloudinary.com/dau0dy9eu/image/upload/v1743010568/ui4ujfaghpkr1cvedxoa.jpg',83),(347,'https://res.cloudinary.com/dau0dy9eu/image/upload/v1743010571/px2mlmefosm33wx67lad.jpg',83),(348,'https://res.cloudinary.com/dau0dy9eu/image/upload/v1743010574/flczmleisnyukojd69uy.jpg',84),(349,'https://res.cloudinary.com/dau0dy9eu/image/upload/v1743010577/rwcbj68ze1bb273s8z8z.jpg',84),(350,'https://res.cloudinary.com/dau0dy9eu/image/upload/v1743010579/tmn80ivqda19m2c2n4rr.jpg',84),(351,'https://res.cloudinary.com/dau0dy9eu/image/upload/v1743010582/ftverrr3krcrt8wphcua.jpg',85),(352,'https://res.cloudinary.com/dau0dy9eu/image/upload/v1743010584/az57ozdjfeivtjzgmozl.jpg',85),(353,'https://res.cloudinary.com/dau0dy9eu/image/upload/v1743010587/tjasrw1qi7ru2couzlwv.jpg',86),(354,'https://res.cloudinary.com/dau0dy9eu/image/upload/v1743010590/cuo2binunh3tcvkrrqdg.jpg',86),(355,'https://res.cloudinary.com/dau0dy9eu/image/upload/v1743010592/iipgvkmoitvbvmxdalqx.jpg',86),(356,'https://res.cloudinary.com/dau0dy9eu/image/upload/v1743010595/wovtrj9oys4vmehezfjj.jpg',86),(357,'https://res.cloudinary.com/dau0dy9eu/image/upload/v1743010597/f5duq5oeuttvcduz6acj.jpg',86),(358,'https://res.cloudinary.com/dau0dy9eu/image/upload/v1743010600/xcwg1un5lsvecz2c2r5v.jpg',87),(359,'https://res.cloudinary.com/dau0dy9eu/image/upload/v1743010603/h6aiophzehgxusmbtzle.jpg',87),(360,'https://res.cloudinary.com/dau0dy9eu/image/upload/v1743010605/hj6kyqhgcgb3kvd5nypm.jpg',88),(361,'https://res.cloudinary.com/dau0dy9eu/image/upload/v1743010609/bo9lxx1ivt0c8xj56wqd.jpg',88),(362,'https://res.cloudinary.com/dau0dy9eu/image/upload/v1743010611/pggdkooc4y2apoutuwra.jpg',88),(363,'https://res.cloudinary.com/dau0dy9eu/image/upload/v1743010614/nakbyz1rpsfcmamibijq.jpg',88),(364,'https://res.cloudinary.com/dau0dy9eu/image/upload/v1743010617/nbtbjzb44npaiiesu76v.jpg',88),(365,'https://res.cloudinary.com/dau0dy9eu/image/upload/v1743010620/xy2d2osa2lhqkiuo1c9g.jpg',88),(366,'https://res.cloudinary.com/dau0dy9eu/image/upload/v1743010623/yhinbwnyu2pq9lbkzuhf.jpg',89),(367,'https://res.cloudinary.com/dau0dy9eu/image/upload/v1743010625/c4mwtqr5ogjd7m9xu0vz.jpg',89),(368,'https://res.cloudinary.com/dau0dy9eu/image/upload/v1743010627/wy2vzayxax10u1vv6h0d.jpg',89),(369,'https://res.cloudinary.com/dau0dy9eu/image/upload/v1743010632/bxrb4uoqvtse4npxwxpp.jpg',90),(370,'https://res.cloudinary.com/dau0dy9eu/image/upload/v1743010637/t97jeler9t5fqpkzwika.jpg',90),(371,'https://res.cloudinary.com/dau0dy9eu/image/upload/v1743010639/hhkv4llsgcgp89b4okkd.jpg',91),(372,'https://res.cloudinary.com/dau0dy9eu/image/upload/v1743010645/g4xbdstggbyve6sy2hia.jpg',91),(373,'https://res.cloudinary.com/dau0dy9eu/image/upload/v1743010648/ialwexy4h7kk8samvfpi.jpg',91),(374,'https://res.cloudinary.com/dau0dy9eu/image/upload/v1743010650/s4xvagpurzxg121hnm5y.jpg',92),(375,'https://res.cloudinary.com/dau0dy9eu/image/upload/v1743010652/znzq95ytucrbdfs9fd4i.jpg',92),(376,'https://res.cloudinary.com/dau0dy9eu/image/upload/v1743010656/tvgzgg4zw8yb9k9ukksz.jpg',92),(377,'https://res.cloudinary.com/dau0dy9eu/image/upload/v1743010659/g34ixmdouoe8llshvzzy.jpg',92),(378,'https://res.cloudinary.com/dau0dy9eu/image/upload/v1743010661/hat11frb3tkctmehzfdu.jpg',92),(379,'https://res.cloudinary.com/dau0dy9eu/image/upload/v1743010666/gris1l2fadiw3u1mdsll.jpg',92),(380,'https://res.cloudinary.com/dau0dy9eu/image/upload/v1743010669/vo7x7vvfmmiwpovlw8ce.jpg',93),(381,'https://res.cloudinary.com/dau0dy9eu/image/upload/v1743010673/i6on95ehajcbchchsfr2.jpg',93),(382,'https://res.cloudinary.com/dau0dy9eu/image/upload/v1743010678/attu78xt6zoemkc1vqkj.jpg',93),(383,'https://res.cloudinary.com/dau0dy9eu/image/upload/v1743010682/kwilrshf8r90fwdcsqtc.jpg',93),(384,'https://res.cloudinary.com/dau0dy9eu/image/upload/v1743010688/plaa3nor5mdk0zwq2ufd.jpg',93),(385,'https://res.cloudinary.com/dau0dy9eu/image/upload/v1743010691/ud5pd6uqnm3y7lwqz5wh.jpg',93),(386,'https://res.cloudinary.com/dau0dy9eu/image/upload/v1743010694/kxan5ttwfdmuzch2ljgw.jpg',94),(387,'https://res.cloudinary.com/dau0dy9eu/image/upload/v1743010698/vzx5bdjvejglztxcv5yx.jpg',94),(388,'https://res.cloudinary.com/dau0dy9eu/image/upload/v1743010701/zyzkf2tjcddvqvzk89sj.jpg',94),(389,'https://res.cloudinary.com/dau0dy9eu/image/upload/v1743010704/jr52dyfaywoankcxlk9d.jpg',94),(390,'https://res.cloudinary.com/dau0dy9eu/image/upload/v1743010707/k7wxyymezesrcy0vsxu8.jpg',94),(391,'https://res.cloudinary.com/dau0dy9eu/image/upload/v1743010709/r4nobyfekhe8or1sexch.jpg',94),(392,'https://res.cloudinary.com/dau0dy9eu/image/upload/v1743010712/scruc6vm4goffoqyfqio.jpg',95),(393,'https://res.cloudinary.com/dau0dy9eu/image/upload/v1743010715/fr3dutpmvwt8jd43mzf0.jpg',95),(394,'https://res.cloudinary.com/dau0dy9eu/image/upload/v1743010718/m1rvqrp4avlezwret3x0.jpg',96),(395,'https://res.cloudinary.com/dau0dy9eu/image/upload/v1743010720/n9bbwxsqreluegdtbzpb.jpg',96),(396,'https://res.cloudinary.com/dau0dy9eu/image/upload/v1743010726/vtaalkaoroqxnguqxi7u.jpg',96),(397,'https://res.cloudinary.com/dau0dy9eu/image/upload/v1743010729/nbxbdpzussxv47y0b7zo.jpg',97),(398,'https://res.cloudinary.com/dau0dy9eu/image/upload/v1743010732/lzumtycquufzlnvji5gl.jpg',97),(399,'https://res.cloudinary.com/dau0dy9eu/image/upload/v1743010737/t1v9kqf2s1ekhbdukajl.jpg',98),(400,'https://res.cloudinary.com/dau0dy9eu/image/upload/v1743010740/pne2v1s0k0omjtrxqqlj.jpg',98),(401,'https://res.cloudinary.com/dau0dy9eu/image/upload/v1743010742/a1llxrzaq6onmqsfg47e.jpg',98),(402,'https://res.cloudinary.com/dau0dy9eu/image/upload/v1743010744/fkxdjqmgudwp8gimlirg.jpg',98),(403,'https://res.cloudinary.com/dau0dy9eu/image/upload/v1743010747/xochwkymoyifwudmyfoo.jpg',98),(404,'https://res.cloudinary.com/dau0dy9eu/image/upload/v1743010750/ezemudbkrjkrxi1lyp7m.jpg',99),(405,'https://res.cloudinary.com/dau0dy9eu/image/upload/v1743010753/yz3g15kqotoma84rgoc2.jpg',99),(406,'https://res.cloudinary.com/dau0dy9eu/image/upload/v1743010757/can8w9skqfudaqveoupj.jpg',99),(407,'https://res.cloudinary.com/dau0dy9eu/image/upload/v1743010762/gjlzkalqqdvr3iz5mfq2.jpg',99),(408,'https://res.cloudinary.com/dau0dy9eu/image/upload/v1743010765/jf68bnxlmivzlyofmixn.jpg',99),(409,'https://res.cloudinary.com/dau0dy9eu/image/upload/v1743010767/qdhnq8uxwqxpfoa7deml.jpg',100),(410,'https://res.cloudinary.com/dau0dy9eu/image/upload/v1743010770/v6uletb0nfhhrz1rfx7r.jpg',100),(411,'https://res.cloudinary.com/dau0dy9eu/image/upload/v1743010772/ur6mcwsaheupkcioqqcg.jpg',100),(412,'https://res.cloudinary.com/dau0dy9eu/image/upload/v1743010775/zwohe97lvwvlmzk1zapn.jpg',100),(413,'https://res.cloudinary.com/dau0dy9eu/image/upload/v1743010777/gq2skxdhax4dv882dp8n.jpg',100),(414,'https://res.cloudinary.com/dau0dy9eu/image/upload/v1743010780/kwywdq8g6wlzak3eucmu.jpg',101),(415,'https://res.cloudinary.com/dau0dy9eu/image/upload/v1743010782/t47itu3w1b9ljwgkmzhl.jpg',101),(416,'https://res.cloudinary.com/dau0dy9eu/image/upload/v1743010784/usogtrz0aqiggkskhv4a.jpg',101);
/*!40000 ALTER TABLE `car_image` ENABLE KEYS */;
UNLOCK TABLES;

--
-- Table structure for table `contact`
--

DROP TABLE IF EXISTS `contact`;
/*!40101 SET @saved_cs_client     = @@character_set_client */;
/*!50503 SET character_set_client = utf8mb4 */;
CREATE TABLE `contact` (
  `id` int NOT NULL AUTO_INCREMENT,
  `comment` longtext,
  `email` varchar(255) NOT NULL,
  `name` varchar(255) DEFAULT NULL,
  `phone_number` varchar(255) NOT NULL,
  `dealer_id` int DEFAULT NULL,
  PRIMARY KEY (`id`),
  KEY `FK6xkukad9a38ae53t79ievptos` (`dealer_id`),
  CONSTRAINT `FK6xkukad9a38ae53t79ievptos` FOREIGN KEY (`dealer_id`) REFERENCES `users` (`id`)
) ENGINE=InnoDB DEFAULT CHARSET=utf8mb4 COLLATE=utf8mb4_0900_ai_ci;
/*!40101 SET character_set_client = @saved_cs_client */;

--
-- Dumping data for table `contact`
--

LOCK TABLES `contact` WRITE;
/*!40000 ALTER TABLE `contact` DISABLE KEYS */;
/*!40000 ALTER TABLE `contact` ENABLE KEYS */;
UNLOCK TABLES;

--
-- Table structure for table `evaluate`
--

DROP TABLE IF EXISTS `evaluate`;
/*!40101 SET @saved_cs_client     = @@character_set_client */;
/*!50503 SET character_set_client = utf8mb4 */;
CREATE TABLE `evaluate` (
  `id` int NOT NULL AUTO_INCREMENT,
  `rate` int NOT NULL,
  `car_id` int NOT NULL,
  `user_id` int NOT NULL,
  PRIMARY KEY (`id`),
  KEY `FKhl0obycgibf5in0idbeqjthvy` (`car_id`),
  KEY `FKclsjr6kkumlgavwfdpf6re7xr` (`user_id`),
  CONSTRAINT `FKclsjr6kkumlgavwfdpf6re7xr` FOREIGN KEY (`user_id`) REFERENCES `users` (`id`),
  CONSTRAINT `FKhl0obycgibf5in0idbeqjthvy` FOREIGN KEY (`car_id`) REFERENCES `car` (`id`)
) ENGINE=InnoDB AUTO_INCREMENT=2012 DEFAULT CHARSET=utf8mb4 COLLATE=utf8mb4_0900_ai_ci;
/*!40101 SET character_set_client = @saved_cs_client */;

--
-- Dumping data for table `evaluate`
--

LOCK TABLES `evaluate` WRITE;
/*!40000 ALTER TABLE `evaluate` DISABLE KEYS */;
INSERT INTO `evaluate` VALUES (1012,3,67,20),(1013,5,84,11),(1014,5,58,9),(1015,5,74,8),(1016,5,84,3),(1017,3,75,11),(1018,3,69,4),(1019,3,97,6),(1020,4,72,7),(1021,3,83,5),(1022,3,91,7),(1023,3,58,1),(1024,5,81,20),(1025,4,54,11),(1026,5,94,7),(1027,3,61,11),(1028,3,101,5),(1029,5,80,11),(1030,4,56,1),(1031,5,65,11),(1032,3,78,12),(1033,3,76,4),(1034,5,94,15),(1035,5,84,16),(1036,3,93,9),(1037,4,101,8),(1038,3,53,10),(1039,3,67,3),(1040,4,68,16),(1041,3,59,15),(1042,5,90,18),(1043,3,71,17),(1044,5,64,11),(1045,4,86,14),(1046,3,76,12),(1047,5,78,20),(1048,5,72,13),(1049,3,71,9),(1050,5,68,7),(1051,3,75,2),(1052,3,80,10),(1053,4,65,11),(1054,4,64,6),(1055,4,71,13),(1056,5,66,8),(1057,5,63,12),(1058,5,62,9),(1059,3,96,10),(1060,4,73,6),(1061,5,72,13),(1062,5,91,19),(1063,5,75,4),(1064,5,71,15),(1065,5,60,3),(1066,5,79,15),(1067,4,85,13),(1068,5,71,6),(1069,5,81,19),(1070,5,68,12),(1071,3,53,20),(1072,3,100,14),(1073,4,93,7),(1074,5,67,20),(1075,5,57,10),(1076,5,60,5),(1077,3,81,18),(1078,4,52,20),(1079,4,56,12),(1080,4,59,10),(1081,4,72,5),(1082,4,92,15),(1083,5,65,6),(1084,4,55,11),(1085,3,80,5),(1086,5,75,20),(1087,5,53,10),(1088,4,68,9),(1089,3,95,14),(1090,5,54,10),(1091,3,76,16),(1092,4,74,4),(1093,4,71,14),(1094,4,95,16),(1095,4,55,9),(1096,3,71,3),(1097,5,78,12),(1098,5,69,18),(1099,5,54,12),(1100,3,88,2),(1101,4,97,19),(1102,3,98,19),(1103,3,99,12),(1104,4,84,2),(1105,4,83,10),(1106,3,79,8),(1107,3,60,4),(1108,5,65,1),(1109,3,65,15),(1110,5,58,14),(1111,5,101,9),(1112,4,68,16),(1113,4,73,20),(1114,3,76,20),(1115,5,79,19),(1116,4,89,18),(1117,4,60,15),(1118,3,76,16),(1119,3,84,20),(1120,4,90,15),(1121,3,65,1),(1122,5,88,20),(1123,3,54,1),(1124,3,79,6),(1125,4,89,14),(1126,4,61,9),(1127,3,87,15),(1128,5,62,19),(1129,4,93,12),(1130,3,64,12),(1131,5,74,16),(1132,4,92,18),(1133,5,98,10),(1134,3,74,5),(1135,3,87,3),(1136,3,60,17),(1137,3,84,16),(1138,3,55,10),(1139,4,53,19),(1140,4,101,17),(1141,4,54,20),(1142,4,69,9),(1143,5,88,6),(1144,4,53,4),(1145,5,87,5),(1146,4,55,6),(1147,4,92,11),(1148,5,84,6),(1149,4,98,13),(1150,3,67,15),(1151,3,69,8),(1152,4,71,11),(1153,3,53,10),(1154,3,88,2),(1155,3,71,1),(1156,3,74,1),(1157,5,92,16),(1158,5,56,1),(1159,4,81,13),(1160,4,80,19),(1161,5,98,5),(1162,5,79,17),(1163,4,93,11),(1164,3,61,6),(1165,3,52,2),(1166,5,70,2),(1167,4,88,18),(1168,5,52,8),(1169,3,61,6),(1170,3,56,10),(1171,4,67,4),(1172,4,78,18),(1173,4,58,11),(1174,4,67,5),(1175,4,81,1),(1176,5,64,19),(1177,4,67,20),(1178,3,76,9),(1179,4,69,15),(1180,3,87,12),(1181,4,62,18),(1182,4,56,4),(1183,3,92,1),(1184,5,91,3),(1185,5,78,15),(1186,5,55,11),(1187,3,68,4),(1188,5,55,13),(1189,5,58,9),(1190,3,76,1),(1191,5,82,15),(1192,3,98,16),(1193,3,94,10),(1194,3,80,1),(1195,3,74,4),(1196,3,72,9),(1197,5,93,7),(1198,3,72,5),(1199,4,64,5),(1200,3,58,9),(1201,4,91,15),(1202,4,76,8),(1203,3,82,13),(1204,5,55,15),(1205,3,55,14),(1206,4,65,7),(1207,3,76,18),(1208,3,56,12),(1209,4,85,18),(1210,4,73,12),(1211,4,80,11),(1212,5,63,12),(1213,3,89,3),(1214,3,69,20),(1215,4,82,8),(1216,4,100,13),(1217,3,86,14),(1218,4,88,20),(1219,5,82,15),(1220,5,101,13),(1221,4,87,5),(1222,5,85,4),(1223,4,57,15),(1224,5,72,16),(1225,3,92,19),(1226,3,59,15),(1227,4,101,3),(1228,3,84,4),(1229,3,52,15),(1230,4,95,14),(1231,4,65,11),(1232,3,60,6),(1233,5,90,19),(1234,5,72,20),(1235,5,90,11),(1236,5,64,14),(1237,3,87,2),(1238,5,61,6),(1239,5,84,14),(1240,5,90,11),(1241,4,96,14),(1242,5,65,5),(1243,4,86,20),(1244,3,76,5),(1245,5,83,12),(1246,3,68,17),(1247,3,68,13),(1248,3,90,16),(1249,4,82,11),(1250,4,86,9),(1251,5,93,20),(1252,4,63,2),(1253,3,60,20),(1254,3,67,14),(1255,3,89,10),(1256,4,81,16),(1257,3,94,20),(1258,5,80,1),(1259,5,66,4),(1260,3,52,18),(1261,4,60,13),(1262,5,66,17),(1263,4,70,1),(1264,5,57,2),(1265,5,55,19),(1266,5,70,17),(1267,5,55,2),(1268,4,54,12),(1269,4,65,6),(1270,3,61,7),(1271,3,78,17),(1272,4,82,20),(1273,4,89,20),(1274,5,53,11),(1275,3,84,4),(1276,5,71,4),(1277,5,69,9),(1278,4,59,2),(1279,4,66,14),(1280,3,100,20),(1281,3,87,20),(1282,5,68,7),(1283,4,81,4),(1284,5,67,8),(1285,5,53,6),(1286,3,97,12),(1287,5,57,7),(1288,5,75,5),(1289,4,101,10),(1290,4,97,1),(1291,4,65,15),(1292,5,85,4),(1293,3,57,12),(1294,4,79,16),(1295,5,66,10),(1296,4,68,17),(1297,5,64,13),(1298,5,69,1),(1299,5,60,7),(1300,3,62,9),(1301,5,53,8),(1302,4,53,1),(1303,4,57,18),(1304,4,74,3),(1305,3,72,20),(1306,3,52,17),(1307,5,77,1),(1308,3,55,16),(1309,5,60,2),(1310,4,56,4),(1311,5,72,10),(1312,3,101,17),(1313,3,81,11),(1314,5,95,8),(1315,3,65,7),(1316,4,94,6),(1317,5,58,14),(1318,4,69,13),(1319,5,77,15),(1320,5,68,18),(1321,5,86,12),(1322,3,53,9),(1323,3,62,16),(1324,3,71,18),(1325,5,100,1),(1326,3,88,16),(1327,3,65,19),(1328,3,70,3),(1329,4,67,11),(1330,4,97,6),(1331,5,92,20),(1332,5,76,20),(1333,5,57,10),(1334,3,94,16),(1335,5,96,1),(1336,5,64,13),(1337,5,66,19),(1338,4,60,4),(1339,4,89,13),(1340,5,76,2),(1341,5,92,2),(1342,5,86,6),(1343,5,70,15),(1344,3,77,20),(1345,5,87,19),(1346,5,64,1),(1347,4,59,14),(1348,3,70,9),(1349,3,64,17),(1350,3,70,18),(1351,3,74,5),(1352,3,101,15),(1353,4,58,19),(1354,3,66,19),(1355,3,74,19),(1356,5,76,16),(1357,4,79,19),(1358,5,83,15),(1359,4,60,3),(1360,3,89,1),(1361,3,88,17),(1362,3,55,18),(1363,5,60,2),(1364,4,70,9),(1365,5,90,5),(1366,5,84,5),(1367,3,89,3),(1368,4,67,16),(1369,4,98,16),(1370,4,74,1),(1371,4,64,2),(1372,3,52,18),(1373,4,53,18),(1374,4,92,1),(1375,5,66,10),(1376,3,74,19),(1377,4,63,9),(1378,5,89,13),(1379,4,58,3),(1380,3,95,1),(1381,5,70,7),(1382,3,78,14),(1383,4,61,14),(1384,3,92,8),(1385,4,96,9),(1386,3,64,16),(1387,4,76,8),(1388,5,80,5),(1389,4,53,12),(1390,5,67,16),(1391,3,84,15),(1392,3,70,10),(1393,3,83,17),(1394,3,64,7),(1395,3,95,6),(1396,5,83,14),(1397,3,92,9),(1398,5,70,7),(1399,5,63,20),(1400,4,76,6),(1401,3,79,15),(1402,4,92,14),(1403,5,71,10),(1404,4,52,20),(1405,4,96,6),(1406,5,60,8),(1407,5,55,10),(1408,3,97,20),(1409,4,99,8),(1410,4,60,2),(1411,3,52,15),(1412,4,55,17),(1413,5,82,4),(1414,5,74,5),(1415,5,58,17),(1416,4,94,6),(1417,5,98,12),(1418,4,86,16),(1419,4,66,7),(1420,5,68,2),(1421,5,66,2),(1422,3,95,4),(1423,4,80,3),(1424,5,80,13),(1425,5,93,9),(1426,3,53,6),(1427,3,58,2),(1428,5,58,13),(1429,3,85,6),(1430,3,75,15),(1431,4,85,11),(1432,3,101,14),(1433,3,84,13),(1434,3,91,20),(1435,4,68,19),(1436,3,85,19),(1437,3,84,10),(1438,5,91,15),(1439,4,72,3),(1440,3,85,14),(1441,4,95,12),(1442,5,92,15),(1443,4,57,15),(1444,3,90,18),(1445,4,89,4),(1446,3,76,16),(1447,5,64,8),(1448,3,68,15),(1449,5,81,11),(1450,5,67,7),(1451,4,66,12),(1452,4,77,6),(1453,4,89,2),(1454,4,75,18),(1455,3,101,18),(1456,5,69,16),(1457,3,96,8),(1458,3,85,11),(1459,5,54,19),(1460,3,85,15),(1461,3,67,7),(1462,4,59,12),(1463,5,101,13),(1464,4,54,4),(1465,4,96,17),(1466,3,70,19),(1467,3,81,19),(1468,5,69,16),(1469,5,67,5),(1470,3,83,19),(1471,4,96,3),(1472,5,76,1),(1473,5,99,5),(1474,4,53,11),(1475,4,68,1),(1476,3,58,19),(1477,4,65,2),(1478,5,86,18),(1479,4,62,15),(1480,5,86,13),(1481,4,82,15),(1482,5,91,13),(1483,5,62,19),(1484,4,66,15),(1485,5,63,16),(1486,4,78,10),(1487,3,57,20),(1488,3,59,10),(1489,3,85,15),(1490,3,99,2),(1491,5,58,2),(1492,4,69,15),(1493,4,58,1),(1494,3,70,2),(1495,3,52,5),(1496,3,84,8),(1497,5,54,7),(1498,5,58,19),(1499,5,66,16),(1500,5,69,10),(1501,4,64,1),(1502,4,63,7),(1503,4,69,11),(1504,5,98,13),(1505,5,62,3),(1506,3,76,16),(1507,5,101,11),(1508,4,81,18),(1509,5,97,19),(1510,5,60,16),(1511,4,94,11),(1512,5,58,3),(1513,5,94,7),(1514,3,79,18),(1515,5,98,8),(1516,4,95,6),(1517,3,56,12),(1518,4,64,17),(1519,4,94,14),(1520,5,98,19),(1521,5,73,16),(1522,4,80,3),(1523,5,69,9),(1524,5,63,14),(1525,3,72,8),(1526,3,52,10),(1527,5,89,12),(1528,5,88,15),(1529,5,100,19),(1530,3,82,11),(1531,4,101,12),(1532,5,79,10),(1533,3,101,12),(1534,5,57,4),(1535,5,96,9),(1536,4,57,2),(1537,4,88,7),(1538,3,99,20),(1539,5,88,11),(1540,5,95,13),(1541,5,101,3),(1542,4,86,9),(1543,3,52,8),(1544,5,56,9),(1545,3,86,19),(1546,5,97,18),(1547,5,53,11),(1548,4,60,18),(1549,5,94,5),(1550,5,69,3),(1551,5,75,3),(1552,4,57,4),(1553,5,57,1),(1554,4,73,18),(1555,5,99,2),(1556,3,59,8),(1557,5,99,20),(1558,3,65,12),(1559,5,98,5),(1560,4,78,15),(1561,5,85,18),(1562,4,101,13),(1563,5,65,9),(1564,3,54,16),(1565,3,55,6),(1566,3,68,1),(1567,4,74,13),(1568,5,92,4),(1569,5,98,8),(1570,4,55,12),(1571,4,73,3),(1572,3,86,4),(1573,5,60,17),(1574,3,94,17),(1575,3,91,9),(1576,3,83,11),(1577,3,87,15),(1578,4,59,12),(1579,4,63,4),(1580,3,61,1),(1581,3,58,20),(1582,3,89,18),(1583,5,85,4),(1584,3,72,15),(1585,5,62,2),(1586,5,59,11),(1587,3,52,20),(1588,5,87,17),(1589,3,62,1),(1590,4,95,10),(1591,4,90,13),(1592,3,70,14),(1593,3,92,19),(1594,5,56,20),(1595,5,93,14),(1596,5,85,12),(1597,4,84,13),(1598,4,90,10),(1599,5,54,19),(1600,4,84,12),(1601,5,101,19),(1602,4,66,17),(1603,4,52,5),(1604,5,85,4),(1605,3,93,15),(1606,5,64,17),(1607,3,73,6),(1608,4,67,5),(1609,4,99,8),(1610,3,62,6),(1611,5,97,15),(1612,4,96,8),(1613,3,66,17),(1614,4,98,8),(1615,5,95,5),(1616,3,69,18),(1617,5,90,13),(1618,5,62,1),(1619,5,85,2),(1620,5,70,4),(1621,5,81,18),(1622,3,88,18),(1623,3,96,3),(1624,5,84,11),(1625,3,80,10),(1626,5,79,15),(1627,5,57,18),(1628,3,94,17),(1629,4,77,19),(1630,3,93,16),(1631,3,64,9),(1632,3,85,5),(1633,5,76,3),(1634,5,101,13),(1635,3,70,11),(1636,3,80,13),(1637,3,58,7),(1638,4,68,9),(1639,4,69,16),(1640,5,72,19),(1641,3,101,8),(1642,4,63,2),(1643,4,57,13),(1644,5,63,2),(1645,5,70,12),(1646,4,64,13),(1647,5,92,13),(1648,3,77,16),(1649,4,58,12),(1650,3,54,6),(1651,4,66,10),(1652,5,77,17),(1653,4,58,20),(1654,5,72,20),(1655,4,56,4),(1656,3,67,10),(1657,3,72,12),(1658,3,77,15),(1659,5,81,11),(1660,4,53,19),(1661,3,99,2),(1662,4,81,10),(1663,5,72,6),(1664,4,91,11),(1665,4,98,8),(1666,5,95,13),(1667,3,56,16),(1668,5,56,3),(1669,4,67,18),(1670,5,74,15),(1671,5,93,11),(1672,3,56,18),(1673,4,90,18),(1674,3,67,6),(1675,3,87,12),(1676,3,87,12),(1677,4,78,5),(1678,5,71,8),(1679,4,78,5),(1680,5,79,17),(1681,3,83,14),(1682,5,64,20),(1683,4,60,10),(1684,4,94,6),(1685,5,76,11),(1686,3,91,11),(1687,3,55,19),(1688,3,76,11),(1689,5,90,12),(1690,4,66,1),(1691,5,101,20),(1692,5,81,4),(1693,5,80,7),(1694,5,70,1),(1695,3,78,4),(1696,3,89,18),(1697,3,83,18),(1698,4,59,1),(1699,4,70,7),(1700,3,94,5),(1701,4,59,12),(1702,3,64,9),(1703,3,95,2),(1704,4,97,5),(1705,3,56,3),(1706,3,98,12),(1707,4,72,5),(1708,5,84,14),(1709,4,94,11),(1710,4,65,13),(1711,5,80,12),(1712,3,74,17),(1713,3,67,16),(1714,3,70,5),(1715,3,99,12),(1716,3,98,1),(1717,3,78,2),(1718,5,100,3),(1719,4,70,1),(1720,5,81,6),(1721,3,59,18),(1722,4,79,15),(1723,3,79,1),(1724,3,59,2),(1725,3,68,17),(1726,4,96,8),(1727,3,82,11),(1728,3,56,10),(1729,4,94,17),(1730,3,76,16),(1731,3,96,6),(1732,5,100,8),(1733,3,77,4),(1734,3,74,11),(1735,4,90,14),(1736,3,91,12),(1737,4,75,5),(1738,4,98,1),(1739,3,74,9),(1740,5,65,11),(1741,5,92,7),(1742,4,56,13),(1743,4,77,15),(1744,3,81,8),(1745,3,65,12),(1746,4,92,19),(1747,5,57,11),(1748,4,80,2),(1749,4,86,3),(1750,4,52,13),(1751,3,63,13),(1752,3,74,4),(1753,4,66,2),(1754,5,94,10),(1755,4,64,10),(1756,3,81,2),(1757,3,90,7),(1758,3,91,19),(1759,3,67,16),(1760,3,70,20),(1761,3,84,6),(1762,5,77,20),(1763,3,72,20),(1764,5,89,3),(1765,5,79,4),(1766,3,97,4),(1767,4,99,14),(1768,5,97,7),(1769,3,68,19),(1770,5,99,13),(1771,5,61,10),(1772,5,87,12),(1773,3,98,13),(1774,4,72,7),(1775,3,91,9),(1776,3,70,11),(1777,5,61,12),(1778,3,92,15),(1779,5,85,11),(1780,4,88,11),(1781,4,63,20),(1782,4,99,8),(1783,4,69,4),(1784,5,62,4),(1785,3,54,13),(1786,3,98,2),(1787,3,89,19),(1788,3,70,19),(1789,3,80,16),(1790,5,87,19),(1791,4,82,10),(1792,3,75,2),(1793,3,72,16),(1794,3,95,20),(1795,5,96,9),(1796,3,99,8),(1797,3,90,2),(1798,3,59,4),(1799,3,64,19),(1800,4,87,2),(1801,3,63,13),(1802,3,71,20),(1803,5,97,5),(1804,3,72,13),(1805,3,65,17),(1806,3,93,20),(1807,5,93,3),(1808,4,87,9),(1809,3,72,16),(1810,5,91,1),(1811,3,60,15),(1812,3,60,18),(1813,4,79,6),(1814,3,98,4),(1815,3,83,14),(1816,4,53,1),(1817,5,100,14),(1818,5,59,11),(1819,4,82,4),(1820,5,78,6),(1821,4,58,5),(1822,3,92,20),(1823,5,79,19),(1824,4,65,14),(1825,4,57,4),(1826,5,61,19),(1827,4,95,20),(1828,3,76,16),(1829,4,72,11),(1830,4,57,20),(1831,3,82,4),(1832,5,95,17),(1833,3,101,4),(1834,3,57,2),(1835,5,99,11),(1836,3,80,1),(1837,3,95,2),(1838,5,75,19),(1839,5,79,16),(1840,3,72,9),(1841,5,66,10),(1842,3,63,9),(1843,4,97,5),(1844,4,83,7),(1845,4,92,9),(1846,4,64,10),(1847,5,79,10),(1848,3,83,9),(1849,4,82,9),(1850,4,75,5),(1851,5,64,8),(1852,5,58,11),(1853,3,74,2),(1854,5,86,16),(1855,5,99,4),(1856,4,73,15),(1857,4,99,8),(1858,3,78,19),(1859,4,81,7),(1860,3,62,2),(1861,5,74,10),(1862,3,67,7),(1863,4,64,18),(1864,3,82,13),(1865,4,99,7),(1866,5,70,11),(1867,4,101,2),(1868,4,68,17),(1869,5,56,5),(1870,5,54,8),(1871,3,96,17),(1872,3,69,13),(1873,5,65,8),(1874,5,60,3),(1875,3,67,8),(1876,3,90,8),(1877,4,53,4),(1878,3,87,2),(1879,3,64,5),(1880,4,83,11),(1881,5,95,18),(1882,4,101,20),(1883,3,100,9),(1884,4,55,5),(1885,3,68,7),(1886,5,100,1),(1887,3,68,7),(1888,5,70,5),(1889,3,99,14),(1890,5,76,2),(1891,4,82,5),(1892,4,69,4),(1893,4,70,1),(1894,5,72,10),(1895,3,58,12),(1896,5,83,9),(1897,4,58,10),(1898,3,77,15),(1899,5,67,20),(1900,4,79,17),(1901,5,61,19),(1902,5,100,4),(1903,4,55,1),(1904,4,95,20),(1905,4,86,1),(1906,4,73,15),(1907,4,93,12),(1908,5,69,7),(1909,4,74,17),(1910,4,52,2),(1911,5,55,10),(1912,3,82,16),(1913,3,84,2),(1914,4,93,3),(1915,5,81,14),(1916,3,81,5),(1917,3,78,19),(1918,5,56,7),(1919,4,83,20),(1920,4,64,16),(1921,5,100,1),(1922,5,60,5),(1923,4,77,18),(1924,5,63,15),(1925,3,55,10),(1926,3,94,12),(1927,3,59,11),(1928,4,84,8),(1929,4,81,5),(1930,5,54,5),(1931,3,84,11),(1932,5,70,20),(1933,3,77,9),(1934,5,84,2),(1935,3,94,13),(1936,5,92,7),(1937,3,95,1),(1938,4,61,5),(1939,4,82,5),(1940,3,95,12),(1941,3,54,2),(1942,3,101,13),(1943,5,65,9),(1944,4,68,14),(1945,4,96,4),(1946,5,69,12),(1947,4,91,4),(1948,4,59,3),(1949,3,67,3),(1950,3,89,5),(1951,4,63,14),(1952,5,83,12),(1953,5,81,10),(1954,5,70,4),(1955,3,86,10),(1956,3,75,14),(1957,3,52,14),(1958,3,70,9),(1959,3,70,6),(1960,3,75,12),(1961,3,78,1),(1962,4,76,3),(1963,5,52,1),(1964,4,89,3),(1965,3,88,6),(1966,3,52,2),(1967,5,101,4),(1968,5,97,16),(1969,4,77,1),(1970,5,53,8),(1971,5,93,7),(1972,5,84,5),(1973,4,92,20),(1974,5,78,16),(1975,5,86,11),(1976,5,61,7),(1977,5,82,13),(1978,5,62,17),(1979,3,66,13),(1980,3,99,6),(1981,4,67,3),(1982,5,95,19),(1983,5,99,10),(1984,3,91,6),(1985,3,61,20),(1986,4,57,7),(1987,4,58,1),(1988,5,64,14),(1989,5,71,13),(1990,5,69,14),(1991,4,100,6),(1992,4,78,13),(1993,4,86,5),(1994,4,73,7),(1995,3,77,4),(1996,5,72,10),(1997,4,67,8),(1998,5,75,5),(1999,4,80,19),(2000,3,82,17),(2001,3,90,20),(2002,3,62,2),(2003,5,101,2),(2004,3,93,3),(2005,3,97,3),(2006,4,95,17),(2007,5,97,16),(2008,5,60,9),(2009,4,74,11),(2010,4,77,16),(2011,4,56,2);
/*!40000 ALTER TABLE `evaluate` ENABLE KEYS */;
UNLOCK TABLES;

--
-- Table structure for table `feature`
--

DROP TABLE IF EXISTS `feature`;
/*!40101 SET @saved_cs_client     = @@character_set_client */;
/*!50503 SET character_set_client = utf8mb4 */;
CREATE TABLE `feature` (
  `id` int NOT NULL AUTO_INCREMENT,
  `code` varchar(255) NOT NULL,
  `name` varchar(255) NOT NULL,
  PRIMARY KEY (`id`)
) ENGINE=InnoDB AUTO_INCREMENT=15 DEFAULT CHARSET=utf8mb4 COLLATE=utf8mb4_0900_ai_ci;
/*!40101 SET character_set_client = @saved_cs_client */;

--
-- Dumping data for table `feature`
--

LOCK TABLES `feature` WRITE;
/*!40000 ALTER TABLE `feature` DISABLE KEYS */;
INSERT INTO `feature` VALUES (1,'POWER STEERING','Trợ lực lái'),(2,'HEATED SEATS','Ghế sưởi'),(3,'REAR PARKING SENSOR','Cảm biến đỗ xe phía sau'),(4,'USB PORT','Cổng USB'),(5,'ROOF RACK','Giá nóc xe'),(6,'SOUND SYSTEM','Hệ thống âm thanh'),(7,'ALARM','Báo động'),(8,'CRUISE CONTROL','Kiểm soát hành trình'),(9,'POWER WINDOWS','Cửa sổ chỉnh điện'),(10,'MEMORY SEAT','Ghế nhớ vị trí'),(11,'BLUETOOTH','Bluetooth'),(12,'FRONT PARKING SENSOR','Cảm biến đỗ xe phía trước'),(13,'SUNROOF','Cửa sổ trời'),(14,'W','Wifi');
/*!40000 ALTER TABLE `feature` ENABLE KEYS */;
UNLOCK TABLES;

--
-- Table structure for table `users`
--

DROP TABLE IF EXISTS `users`;
/*!40101 SET @saved_cs_client     = @@character_set_client */;
/*!50503 SET character_set_client = utf8mb4 */;
CREATE TABLE `users` (
  `dtype` varchar(31) NOT NULL,
  `id` int NOT NULL AUTO_INCREMENT,
  `email` varchar(255) NOT NULL,
  `full_name` varchar(255) DEFAULT NULL,
  `password` varchar(255) NOT NULL,
  `phone_number` varchar(255) DEFAULT NULL,
  PRIMARY KEY (`id`),
  UNIQUE KEY `UK6dotkott2kjsp8vw4d0m25fb7` (`email`)
) ENGINE=InnoDB AUTO_INCREMENT=22 DEFAULT CHARSET=utf8mb4 COLLATE=utf8mb4_0900_ai_ci;
/*!40101 SET character_set_client = @saved_cs_client */;

--
-- Dumping data for table `users`
--

LOCK TABLES `users` WRITE;
/*!40000 ALTER TABLE `users` DISABLE KEYS */;
INSERT INTO `users` VALUES ('Dealer',1,'ho.duong@hotmail.com','Trương Phùng Đoàn Ngọc','321323','(360) 631-2224'),('Member',2,'vuong.hien@yahoo.com','Phùng Văn','321323','(978) 270-2636 x1931'),('Dealer',3,'phung.đao@gmail.com','Vũ Hoàng Nam Thanh','321323','(508) 912-3418 x2433'),('Admin',4,'ho.đo@hotmail.com','Phùng Triệu Văn Triệu','321323','(515) 415-7013 x1104'),('Member',5,'phung.long@yahoo.com','Tô Đào Nam Vũ','321323','(318) 424-9841 x4248'),('Member',6,'bui.quoc@yahoo.com','Phùng Thị','321323','(774) 903-4034'),('Admin',7,'nguyen.nhung@hotmail.com','Lâm Lê','321323','(859) 361-0854 x2698'),('Admin',8,'phan.dung@hotmail.com','Lê Khoa','321323','(323) 301-6986'),('Admin',9,'bui.nhan@gmail.com','Bùi Đào Hữu','321323','(302) 210-6608'),('Dealer',10,'tran.trinh@hotmail.com','Phạm Hòa Đinh','321323','(620) 847-6400'),('Member',11,'tang.đao@yahoo.com','Nguyễn Vũ Lâm','321323','(816) 464-7911 x4636'),('Dealer',12,'nguyen.kim@hotmail.com','Đoàn Bửu Hà','321323','(713) 816-7971 x6691'),('Admin',13,'pham.kim@gmail.com','Phùng Như','321323','(801) 816-1609 x8569'),('Dealer',14,'truong.tam@yahoo.com','Lâm Sơn Phú','321323','(931) 856-4423 x4764'),('Member',15,'vuong.phong@yahoo.com','Đoàn Nhân Hữu','321323','(936) 207-0298 x1945'),('Member',16,'đao.pham@hotmail.com','Đặng Tô Tâm Tâm','321323','(706) 975-6206'),('Member',17,'ngo.hien@yahoo.com','Đào Hải','321323','(360) 816-2759'),('Dealer',18,'duong.ngo@yahoo.com','Phùng Thủy Đinh Tâm','321323','(949) 270-3565 x2016'),('Member',19,'phan.hien@yahoo.com','Hà Trịnh Mai Nhàn','321323','(830) 616-4442 x5025'),('Member',20,'ly.duong@gmail.com','Nguyễn Tăng','321323','(828) 956-6412 x4043'),('Member',21,'duyquy321323@gmail.com','Quý Đào','321323','0373071643');
/*!40000 ALTER TABLE `users` ENABLE KEYS */;
UNLOCK TABLES;
/*!40103 SET TIME_ZONE=@OLD_TIME_ZONE */;

/*!40101 SET SQL_MODE=@OLD_SQL_MODE */;
/*!40014 SET FOREIGN_KEY_CHECKS=@OLD_FOREIGN_KEY_CHECKS */;
/*!40014 SET UNIQUE_CHECKS=@OLD_UNIQUE_CHECKS */;
/*!40101 SET CHARACTER_SET_CLIENT=@OLD_CHARACTER_SET_CLIENT */;
/*!40101 SET CHARACTER_SET_RESULTS=@OLD_CHARACTER_SET_RESULTS */;
/*!40101 SET COLLATION_CONNECTION=@OLD_COLLATION_CONNECTION */;
/*!40111 SET SQL_NOTES=@OLD_SQL_NOTES */;

-- Dump completed on 2025-03-27 21:18:13
